"NRO_PROY","LIDER_PROY","COORD_CART_PROY","COD_LOC","COD_MOD","DET_COD_MOD","NOMB_IE","REGION","DEPARTAMENTO","PROVINCIA","DISTRITO","UBIGEO","UGEL","CUI","NOMB_PROY","COOR_WGS_ESTE","COOR_WGS_OESTE","FECHA_VIAB","COS_INV_PRE","PIM_2022","LATITUD","LONGITUD","CARTERA","NRO_PAQ","PAQUETE","BENEF_PRE","CAT_IE","CANT_AULA","SFL","FECHA_CORTE"
"1","MIGUEL ROMERO","FRANZ SALAZAR","324580","541110","Primaria","","LIMA","LIMA","LIMA","SAN JUAN DE LURIGANCHO","150132","UGEL 05","2455343","","282093","8673346","20190719","21,373,994","18,448,066","-11.99375366","-77.00131403","CARTERA III","Paquete 2","LIMA 02","1247","COSTA","30","PROPIEDAD","20220520"
"1","MIGUEL ROMERO","FRANZ SALAZAR","324580","665273","	Secundaria","","LIMA","LIMA","LIMA","SAN JUAN DE LURIGANCHO","150132","UGEL 05","2455343","","282093","8673346","20190719","21,373,994","18,448,066","-11.99375366","-77.00131403","CARTERA III","Paquete 2","LIMA 02","1247","COSTA","30","PROPIEDAD","20220520"
"2","ERIKA IZQUIERDO","JULIO PRADO","311224","521179","	Secundaria","I.E. JORGE BASADRE GROHMANN","LIMA","LIMA","LIMA","LOS OLIVOS","150117","UGEL 02","2455491","","274956","8674518","20190723","15,855,902","13,292,940","-11.98268569","-77.06675207","CARTERA I","Paquete 0","PILOTO","912","COSTA","15","PROPIEDAD","20220520"
"2","ERIKA IZQUIERDO","JULIO PRADO","311224","1759737","","I.E. JORGE BASADRE GROHMANN","LIMA","LIMA","LIMA","LOS OLIVOS","150117","UGEL 02","2455491","","274956","8674518","20190723","15,855,902","13,292,940","-11.98268569","-77.06675207","CARTERA I","Paquete 0","PILOTO","912","COSTA","15","PROPIEDAD","20220520"
"2","ERIKA IZQUIERDO","JULIO PRADO","311224","1359785","","I.E. JORGE BASADRE GROHMANN","LIMA","LIMA","LIMA","LOS OLIVOS","150117","UGEL 02","2455491","","274956","8674518","20190723","15,855,902","13,292,940","-11.98268569","-77.06675207","CARTERA I","Paquete 0","PILOTO","912","COSTA","15","PROPIEDAD","20220520"
"3","ALBERTO BONILLA","GINO ZEVALLOS","296681","525253","Primaria","","LIMA","LIMA","LIMA","CARABAYLLO","150106","UGEL 04","2456100","","281186","8686175","20190731","19,460,248","12,615,859","-11.87774764","-77.00878626","CARTERA II","Paquete 5","LIMA 05","1104","COSTA","23","AFECTADO EN USO","20220520"
"4","JUAN PAZ","JULIO PRADO","343748","1656073","","","LIMA","LIMA","LIMA","VILLA EL SALVADOR","150142","UGEL 01","2456389","","288125","8649717","20190806","48,891,690","52,912,542","-12.20770462","-76.94748359","CARTERA I","Paquete 5","LIMA 05","2080","COSTA","38","PROPIEDAD","20220520"
"4","JUAN PAZ","JULIO PRADO","343748","607119","Primaria","","LIMA","LIMA","LIMA","VILLA EL SALVADOR","150142","UGEL 01","2456389","","288125","8649717","20190806","48,891,690","52,912,542","-12.20770462","-76.94748359","CARTERA I","Paquete 5","LIMA 05","2080","COSTA","38","PROPIEDAD","20220520"
"4","JUAN PAZ","JULIO PRADO","343748","643148","	Secundaria","","LIMA","LIMA","LIMA","VILLA EL SALVADOR","150142","UGEL 01","2456389","","288125","8649717","20190806","48,891,690","52,912,542","-12.20770462","-76.94748359","CARTERA I","Paquete 5","LIMA 05","2080","COSTA","38","PROPIEDAD","20220520"
"5","JUAN CARLOS FAJARDO","GINO ZEVALLOS","301753","434605","Primaria","","LIMA","LIMA","LIMA","COMAS","150110","UGEL 04","2457231","","277749","8679400","20190808","27,398,311","24,028,378","-11.93875188","-77.04078231","CARTERA II","Paquete 1","LIMA NORTE 01","918","COSTA","34","AFECTADO EN USO","20220520"
"5","JUAN CARLOS FAJARDO","GINO ZEVALLOS","301753","582114","	Secundaria","","LIMA","LIMA","LIMA","COMAS","150110","UGEL 04","2457231","","277749","8679400","20190808","27,398,311","24,028,378","-11.93875188","-77.04078231","CARTERA II","Paquete 1","LIMA NORTE 01","918","COSTA","34","AFECTADO EN USO","20220520"
"5","JUAN CARLOS FAJARDO","GINO ZEVALLOS","301753","1697978","	Secundaria","","LIMA","LIMA","LIMA","COMAS","150110","UGEL 04","2457231","","277749","8679400","20190808","27,398,311","24,028,378","-11.93875188","-77.04078231","CARTERA II","Paquete 1","LIMA NORTE 01","918","COSTA","34","AFECTADO EN USO","20220520"
"6","SHUGUEY GUIZADO","FRANZ SALAZAR","291792","1044999","Primaria","","LIMA","LIMA","LIMA","ATE","150103","UGEL 06 ","2457878","","301619","8669743","20190823","34,053,030","27,767,498","-12.02754453","-76.8222678","CARTERA III","Paquete 3","LIMA 03","1199","COSTA","32","AFECTADO EN USO","20220520"
"6","SHUGUEY GUIZADO","FRANZ SALAZAR","291792","1254192","	Secundaria","","LIMA","LIMA","LIMA","ATE","150103","UGEL 06 ","2457878","","301619","8669743","20190823","34,053,030","27,767,498","-12.02754453","-76.8222678","CARTERA III","Paquete 3","LIMA 03","1199","COSTA","32","AFECTADO EN USO","20220520"
"7","EDER REYES","JULIO PRADO","333099","436345","Primaria","","LIMA","LIMA","LIMA","SAN MARTIN DE PORRES","150135","UGEL 02","2459062","","270643","8675709","20190823","25,549,084","22,008,820","-11.97162749","-77.10625968","CARTERA I","Paquete 1","LIMA NORTE 01","1588","COSTA","31","AFECTADO EN USO","20220520"
"7","EDER REYES","JULIO PRADO","333099","663138","	Secundaria","","LIMA","LIMA","LIMA","SAN MARTIN DE PORRES","150135","UGEL 02","2459062","","270643","8675709","20190823","25,549,084","22,008,820","-11.97162749","-77.10625968","CARTERA I","Paquete 1","LIMA NORTE 01","1588","COSTA","31","AFECTADO EN USO","20220520"
"8","PEDRO COTRINA","JULIO PRADO","329974","520486","	Secundaria","I.E. JAVIER HERAUD","LIMA","LIMA","LIMA","SAN JUAN DE MIRAFLORES","150133","UGEL 01","2459714","","285339","8654822","20190831","35,569,631","19,660,360","-12.16138404","-76.97274001","CARTERA I","Paquete 4","LIMA 04","2485","COSTA","47","PROPIEDAD","20220520"
"8","PEDRO COTRINA","JULIO PRADO","329974","1359652","","I.E. JAVIER HERAUD","LIMA","LIMA","LIMA","SAN JUAN DE MIRAFLORES","150133","UGEL 01","2459714","","285339","8654822","20190831","35,569,631","19,660,360","-12.16138404","-76.97274001","CARTERA I","Paquete 4","LIMA 04","2485","COSTA","47","PROPIEDAD","20220520"
"9","ORLANDO MALAVER","JULIO PRADO","343772","1440965","","IE 6064 FRANCISCO BOLOGNESI","LIMA","LIMA","LIMA","VILLA EL SALVADOR","150142","UGEL 01","2460031","MEJORAMIENTO DEL SERVICIO EDUCATIVO DEL NIVEL INICIAL, PRIMARIA Y SECUNDARIA DE LA IE 6064 FRANCISCO BOLOGNESI, DISTRITO DE VILLA EL SALVADOR - PROVINCIA DE LIMA -
DEPARTAMENTO DE LIMA","289364","8649436","20190912","38,737,595","22,446,221","-12.21032459","-76.93611815","CARTERA I","Paquete 5","LIMA 05","2032","COSTA","55","AFECTADO EN USO","20220520"
"9","ORLANDO MALAVER","JULIO PRADO","343772","328401","Primaria","IE 6064 FRANCISCO BOLOGNESI","LIMA","LIMA","LIMA","VILLA EL SALVADOR","150142","UGEL 01","2460031","MEJORAMIENTO DEL SERVICIO EDUCATIVO DEL NIVEL INICIAL, PRIMARIA Y SECUNDARIA DE LA IE 6064 FRANCISCO BOLOGNESI, DISTRITO DE VILLA EL SALVADOR - PROVINCIA DE LIMA -
DEPARTAMENTO DE LIMA","289364","8649436","20190912","38,737,595","22,446,221","-12.21032459","-76.93611815","CARTERA I","Paquete 5","LIMA 05","2032","COSTA","55","AFECTADO EN USO","20220520"
"9","ORLANDO MALAVER","JULIO PRADO","343772","502633","	Secundaria","IE 6064 FRANCISCO BOLOGNESI","LIMA","LIMA","LIMA","VILLA EL SALVADOR","150142","UGEL 01","2460031","MEJORAMIENTO DEL SERVICIO EDUCATIVO DEL NIVEL INICIAL, PRIMARIA Y SECUNDARIA DE LA IE 6064 FRANCISCO BOLOGNESI, DISTRITO DE VILLA EL SALVADOR - PROVINCIA DE LIMA -
DEPARTAMENTO DE LIMA","289364","8649436","20190912","38,737,595","22,446,221","-12.21032459","-76.93611815","CARTERA I","Paquete 5","LIMA 05","2032","COSTA","55","AFECTADO EN USO","20220520"
"10","SHUGUEY GUIZADO","FRANZ SALAZAR","292490","318931","Primaria","","LIMA","LIMA","LIMA","ATE","150103","UGEL 06 ","2461341","","284571.45","8664475.06","20190918","27,023,598","13,812,638","-12.0740904","-76.97914761","CARTERA III","Paquete 3","LIMA 03","1364","COSTA","30","AFECTADO EN USO","20220520"
"10","SHUGUEY GUIZADO","FRANZ SALAZAR","292490","469700","	Secundaria","","LIMA","LIMA","LIMA","ATE","150103","UGEL 06 ","2461341","","284571.45","8664475.06","20190918","27,023,598","13,812,638","-12.0740904","-76.97914761","CARTERA III","Paquete 3","LIMA 03","1364","COSTA","30","AFECTADO EN USO","20220520"
"11","EDER REYES","JULIO PRADO","329889","704965","Primaria","","LIMA","LIMA","LIMA","SAN JUAN DE MIRAFLORES","150133","UGEL 01","2462240","","285841","8653742","20190926","29,195,899","15,862,646","-12.17117786","-76.96820038","CARTERA I","Paquete 4","LIMA 04","1421","COSTA","41","PROPIEDAD","20220520"
"11","EDER REYES","JULIO PRADO","329889","870931","	Secundaria","","LIMA","LIMA","LIMA","SAN JUAN DE MIRAFLORES","150133","UGEL 01","2462240","","285841","8653742","20190926","29,195,899","15,862,646","-12.17117786","-76.96820038","CARTERA I","Paquete 4","LIMA 04","1421","COSTA","41","PROPIEDAD","20220520"
"12","JUAN LUJAN","GINO ZEVALLOS","332165","317529","Primaria","","LIMA","LIMA","LIMA","SAN LUIS","150134","UGEL 07","2463380","","281971.51","8664009.46","20190930","28,527,429","14,961,025","-12.07812749","-77.00305445","CARTERA II","Paquete 4","LIMA 04","1521","COSTA","29","PROPIEDAD","20220520"
"12","JUAN LUJAN","GINO ZEVALLOS","332165","1411438","	Secundaria","","LIMA","LIMA","LIMA","SAN LUIS","150134","UGEL 07","2463380","","281971.51","8664009.46","20190930","28,527,429","14,961,025","-12.07812749","-77.00305445","CARTERA II","Paquete 4","LIMA 04","1521","COSTA","29","PROPIEDAD","20220520"
"13","OMAR CANDIOTTI","FRANZ SALAZAR","324622","1502293","","IE 0132 TORIBIO DE LUZURIAGA Y MEJIA","LIMA","LIMA","LIMA","SAN JUAN DE LURIGANCHO","150132","UGEL 05","2465018","MEJORAMIENTO DEL SERVICIO EDUCATIVO DEL NIVEL INICIAL, PRIMARIA Y SECUNDARIA DE LA IE 0132 TORIBIO DE LUZURIAGA Y MEJIA SAN JUAN DE LURIGANCHO DEL DISTRITO DE SAN JUAN DE
LURIGANCHO - PROVINCIA DE LIMA - DEPARTAMENTO DE LIMA","280176","8674774","20191010","42,998,883","29,981,014","-11.98072139","-77.01881667","CARTERA III","Paquete 2","LIMA 02","2301","COSTA","45","PROPIEDAD Y AFECTADO EN USO","20220520"
"13","OMAR CANDIOTTI","FRANZ SALAZAR","324622","590109","Primaria","IE 0132 TORIBIO DE LUZURIAGA Y MEJIA","LIMA","LIMA","LIMA","SAN JUAN DE LURIGANCHO","150132","UGEL 05","2465018","MEJORAMIENTO DEL SERVICIO EDUCATIVO DEL NIVEL INICIAL, PRIMARIA Y SECUNDARIA DE LA IE 0132 TORIBIO DE LUZURIAGA Y MEJIA SAN JUAN DE LURIGANCHO DEL DISTRITO DE SAN JUAN DE
LURIGANCHO - PROVINCIA DE LIMA - DEPARTAMENTO DE LIMA","280176","8674774","20191010","42,998,883","29,981,014","-11.98072139","-77.01881667","CARTERA III","Paquete 2","LIMA 02","2301","COSTA","45","PROPIEDAD Y AFECTADO EN USO","20220520"
"13","OMAR CANDIOTTI","FRANZ SALAZAR","324622","665471","	Secundaria","IE 0132 TORIBIO DE LUZURIAGA Y MEJIA","LIMA","LIMA","LIMA","SAN JUAN DE LURIGANCHO","150132","UGEL 05","2465018","MEJORAMIENTO DEL SERVICIO EDUCATIVO DEL NIVEL INICIAL, PRIMARIA Y SECUNDARIA DE LA IE 0132 TORIBIO DE LUZURIAGA Y MEJIA SAN JUAN DE LURIGANCHO DEL DISTRITO DE SAN JUAN DE
LURIGANCHO - PROVINCIA DE LIMA - DEPARTAMENTO DE LIMA","280176","8674774","20191010","42,998,883","29,981,014","-11.98072139","-77.01881667","CARTERA III","Paquete 2","LIMA 02","2301","COSTA","45","PROPIEDAD Y AFECTADO EN USO","20220520"
"14","OMAR CANDIOTTI","FRANZ SALAZAR","324702","629261","Primaria","","LIMA","LIMA","LIMA","SAN JUAN DE LURIGANCHO","150132","UGEL 05","2465785","","283345.57","8677316.37","20191016","39,165,422","25,122,570","-11.95795175","-76.98955224","CARTERA III","Paquete 2","LIMA 02","2764","COSTA","53","PROPIEDAD","20220520"
"14","OMAR CANDIOTTI","FRANZ SALAZAR","324702","664748","	Secundaria","","LIMA","LIMA","LIMA","SAN JUAN DE LURIGANCHO","150132","UGEL 05","2465785","","283345.57","8677316.37","20191016","39,165,422","25,122,570","-11.95795175","-76.98955224","CARTERA III","Paquete 2","LIMA 02","2764","COSTA","53","PROPIEDAD","20220520"
"15","ALBERTO BONILLA","GINO ZEVALLOS","288054","1048792","","","LIMA","LIMA","LIMA","LIMA","150101","UGEL 03","2465303","","277132.06","8667566.38","20191021","25,164,631","19,483,422","-12.04565808","-77.0472514","CARTERA II","Paquete 0","PILOTO","959","COSTA","22","PROPIEDAD","20220520"
"15","ALBERTO BONILLA","GINO ZEVALLOS","288054","334938","Primaria","","LIMA","LIMA","LIMA","LIMA","150101","UGEL 03","2465303","","277132.06","8667566.38","20191021","25,164,631","19,483,422","-12.04565808","-77.0472514","CARTERA II","Paquete 0","PILOTO","959","COSTA","22","PROPIEDAD","20220520"
"15","ALBERTO BONILLA","GINO ZEVALLOS","288054","466383","	Secundaria","","LIMA","LIMA","LIMA","LIMA","150101","UGEL 03","2465303","","277132.06","8667566.38","20191021","25,164,631","19,483,422","-12.04565808","-77.0472514","CARTERA II","Paquete 0","PILOTO","959","COSTA","22","PROPIEDAD","20220520"
"16","ORLANDO MALAVER","JULIO PRADO","311040","523969","Primaria","","LIMA","LIMA","LIMA","LOS OLIVOS","150117","UGEL 02","2466948","","274806","8674775","20191028","20,673,569","18,416,573","-11.9803529","-77.06811133","CARTERA I","Paquete 1","LIMA NORTE 01","1198","COSTA","22","AFECTADO EN USO","20220520"
"17","ORLANDO MALAVER","JULIO PRADO","320600","433565","","","LIMA","LIMA","LIMA","RIMAC","150128","UGEL 02","2468576","","279005","8669223","20191108","26,543,439","15,208,529","-12.03081188","-77.02994187","CARTERA I","Paquete 4","LIMA 04","1261","COSTA","36","PROPIEDAD","20220520"
"17","ORLANDO MALAVER","JULIO PRADO","320600","433540","Primaria","","LIMA","LIMA","LIMA","RIMAC","150128","UGEL 02","2468576","","279005","8669223","20191108","26,543,439","15,208,529","-12.03081188","-77.02994187","CARTERA I","Paquete 4","LIMA 04","1261","COSTA","36","PROPIEDAD","20220520"
"18","SHUGUEY GUIZADO","FRANZ SALAZAR","292126","1713767","","I.E. MANUEL GONZALEZ PRADA","LIMA","LIMA","LIMA","ATE","150103","UGEL 06 ","2468688","","302113.11","8671976","20191108","70,038,336","40,563,763","-12.00739047","-76.81759518","CARTERA III","Paquete 3","LIMA 03","3374","COSTA","63","AFECTADO EN USO","20220520"
"18","SHUGUEY GUIZADO","FRANZ SALAZAR","292126","834960","Primaria","I.E. MANUEL GONZALEZ PRADA","LIMA","LIMA","LIMA","ATE","150103","UGEL 06 ","2468688","","302113.11","8671976","20191108","70,038,336","40,563,763","-12.00739047","-76.81759518","CARTERA III","Paquete 3","LIMA 03","3374","COSTA","63","AFECTADO EN USO","20220520"
"18","SHUGUEY GUIZADO","FRANZ SALAZAR","292126","691931","	Secundaria","I.E. MANUEL GONZALEZ PRADA","LIMA","LIMA","LIMA","ATE","150103","UGEL 06 ","2468688","","302113.11","8671976","20191108","70,038,336","40,563,763","-12.00739047","-76.81759518","CARTERA III","Paquete 3","LIMA 03","3374","COSTA","63","AFECTADO EN USO","20220520"
"18","SHUGUEY GUIZADO","FRANZ SALAZAR","292126","1075811","","I.E. MANUEL GONZALEZ PRADA","LIMA","LIMA","LIMA","ATE","150103","UGEL 06 ","2468688","","302113.11","8671976","20191108","70,038,336","40,563,763","-12.00739047","-76.81759518","CARTERA III","Paquete 3","LIMA 03","3374","COSTA","63","AFECTADO EN USO","20220520"
"18","SHUGUEY GUIZADO","FRANZ SALAZAR","292126","778290","","I.E. MANUEL GONZALEZ PRADA","LIMA","LIMA","LIMA","ATE","150103","UGEL 06 ","2468688","","302113.11","8671976","20191108","70,038,336","40,563,763","-12.00739047","-76.81759518","CARTERA III","Paquete 3","LIMA 03","3374","COSTA","63","AFECTADO EN USO","20220520"
"19","ERIKA IZQUIERDO","JULIO PRADO","305911","1713726","","","LIMA","LIMA","LIMA","INDEPENDENCIA","150112","UGEL 02","2468424","","276934","8672458","20191107","45,654,281","30,524,119","-12.00143645","-77.04873529","CARTERA I","Paquete 1","LIMA NORTE 01","1503","COSTA","38","AFECTADO EN USO","20220520"
"19","ERIKA IZQUIERDO","JULIO PRADO","305911","434233","Primaria","","LIMA","LIMA","LIMA","INDEPENDENCIA","150112","UGEL 02","2468424","","276934","8672458","20191107","45,654,281","30,524,119","-12.00143645","-77.04873529","CARTERA I","Paquete 1","LIMA NORTE 01","1503","COSTA","38","AFECTADO EN USO","20220520"
"19","ERIKA IZQUIERDO","JULIO PRADO","305911","565200","	Secundaria","","LIMA","LIMA","LIMA","INDEPENDENCIA","150112","UGEL 02","2468424","","276934","8672458","20191107","45,654,281","30,524,119","-12.00143645","-77.04873529","CARTERA I","Paquete 1","LIMA NORTE 01","1503","COSTA","38","AFECTADO EN USO","20220520"
"20","CARLOS SOTO","FRANZ SALAZAR","307458","649913","Primaria","","LIMA","LIMA","LIMA","LA MOLINA","150114","UGEL 06 ","2471210","","288564.87","8665547.4","20191129","26,083,651","20,228,568","-12.06465695","-76.94240502","CARTERA III","Paquete 4","LIMA 04","1749","COSTA","29","PROPIEDAD","20220520"
"20","CARLOS SOTO","FRANZ SALAZAR","307458","728717","	Secundaria","","LIMA","LIMA","LIMA","LA MOLINA","150114","UGEL 06 ","2471210","","288564.87","8665547.4","20191129","26,083,651","20,228,568","-12.06465695","-76.94240502","CARTERA III","Paquete 4","LIMA 04","1749","COSTA","29","PROPIEDAD","20220520"
"20","CARLOS SOTO","FRANZ SALAZAR","307458","765271","","","LIMA","LIMA","LIMA","LA MOLINA","150114","UGEL 06 ","2471210","","288564.87","8665547.4","20191129","26,083,651","20,228,568","-12.06465695","-76.94240502","CARTERA III","Paquete 4","LIMA 04","1749","COSTA","29","PROPIEDAD","20220520"
"20","CARLOS SOTO","FRANZ SALAZAR","307458","778225","","","LIMA","LIMA","LIMA","LA MOLINA","150114","UGEL 06 ","2471210","","288564.87","8665547.4","20191129","26,083,651","20,228,568","-12.06465695","-76.94240502","CARTERA III","Paquete 4","LIMA 04","1749","COSTA","29","PROPIEDAD","20220520"
"21","ALBERTO BONILLA","GINO ZEVALLOS","296803","434464","Primaria","I.E 3058 VIRGEN DE FATIMA","LIMA","LIMA","LIMA","CARABAYLLO","150106","UGEL 04","2433311","MEJORAMIENTO DEL SERVICIO EDUCATIVO DEL NIVEL PRIMARIA DE LA I.E 3058 VIRGEN DE FATIMA, DISTRITO DE CARABAYLLO - PROVINCIA DE LIMA - DEPARTAMENTO DE LIMA","279548","8684493","20191129","23,619,545","19,479,129","-11.89284192","-77.02392945","CARTERA II","Paquete 1","LIMA NORTE 01","1062","COSTA","20","AFECTADO EN USO","20220520"
"22","DENISSE HERRERA","GINO ZEVALLOS","296676","1694579","","I.E. 2051","LIMA","LIMA","LIMA","CARABAYLLO","150106","UGEL 04","2471211","MEJORAMIENTO DEL SERVICIO EDUCATIVO DE LOS NIVELES INICIAL Y PRIMARIA DE LA I.E. 2051 DISTRITO DE CARABAYLLO - PROVINCIA DE LIMA - DEPARTAMENTO DE LIMA","280901.31","8687088.51","20191129","17,993,342","14,979,023","-11.86947287","-77.01133811","CARTERA II","Paquete 1","LIMA NORTE 01","1270","COSTA","17","AFECTADO EN USO","20220520"
"22","DENISSE HERRERA","GINO ZEVALLOS","296676","436576","Primaria","I.E. 2051","LIMA","LIMA","LIMA","CARABAYLLO","150106","UGEL 04","2471211","MEJORAMIENTO DEL SERVICIO EDUCATIVO DE LOS NIVELES INICIAL Y PRIMARIA DE LA I.E. 2051 DISTRITO DE CARABAYLLO - PROVINCIA DE LIMA - DEPARTAMENTO DE LIMA","280901.31","8687088.51","20191129","17,993,342","14,979,023","-11.86947287","-77.01133811","CARTERA II","Paquete 1","LIMA NORTE 01","1270","COSTA","17","AFECTADO EN USO","20220520"
"23","WILLIAMS SANCHEZ","FRANZ SALAZAR","324844","665422","Primaria","","LIMA","LIMA","LIMA","SAN JUAN DE LURIGANCHO","150132","UGEL 05","2471292","","283357.4","8678441.75","20191130","40,867,561","27,747,350","-11.94778142","-76.98936931","CARTERA III","Paquete 2","LIMA 02","2447","COSTA","41","AFECTADO EN USO","20220520"
"23","WILLIAMS SANCHEZ","FRANZ SALAZAR","324844","778738","	Secundaria","","LIMA","LIMA","LIMA","SAN JUAN DE LURIGANCHO","150132","UGEL 05","2471292","","283357.4","8678441.75","20191130","40,867,561","27,747,350","-11.94778142","-76.98936931","CARTERA III","Paquete 2","LIMA 02","2447","COSTA","41","AFECTADO EN USO","20220520"
"24","ORLANDO MALAVER","JULIO PRADO","346515","328963","Primaria","","LIMA","LIMA","LIMA","VILLA MARIA DEL TRIUNFO","150143","UGEL 01","2473874","","289628","8653445","20191219","19,891,628","16,074,113","-12.17410797","-76.93342988","CARTERA I","Paquete 5","LIMA 05","1438","COSTA","20","AFECTADO EN USO","20220520"
"25","JUAN PAZ","JULIO PRADO","344045","873679","Primaria","","LIMA","LIMA","LIMA","VILLA EL SALVADOR","150142","UGEL 01","2473418","","290647","8646185","20191220","30,395,777","18,213,373","-12.23979014","-76.92454232","CARTERA I","Paquete 5","LIMA 05","1595","COSTA","30","AFECTADO EN USO","20220520"
"25","JUAN PAZ","JULIO PRADO","344045","1034016","	Secundaria","","LIMA","LIMA","LIMA","VILLA EL SALVADOR","150142","UGEL 01","2473418","","290647","8646185","20191220","30,395,777","18,213,373","-12.23979014","-76.92454232","CARTERA I","Paquete 5","LIMA 05","1595","COSTA","30","AFECTADO EN USO","20220520"
"26","PEDRO COTRINA","JULIO PRADO","346879","499699","	Secundaria","","LIMA","LIMA","LIMA","VILLA MARIA DEL TRIUNFO","150143","UGEL 01","2474099","","288976","8652928","20191223","57,711,468","27,895,218","-12.17873863","-76.93945363","CARTERA I","Paquete 5","LIMA 05","1721","COSTA","37","AFECTADO EN USO","20220520"
"26","PEDRO COTRINA","JULIO PRADO","346879","1359660","","","LIMA","LIMA","LIMA","VILLA MARIA DEL TRIUNFO","150143","UGEL 01","2474099","","288976","8652928","20191223","57,711,468","27,895,218","-12.17873863","-76.93945363","CARTERA I","Paquete 5","LIMA 05","1721","COSTA","37","AFECTADO EN USO","20220520"
"27","EDER REYES","JULIO PRADO","333103","436352","Primaria","","LIMA","LIMA","LIMA","SAN MARTIN DE PORRES","150135","UGEL 02","2475458","","275639","8670660","20200102","23,374,802","19,856,347","-12.01759856","-77.06074735","CARTERA I","Paquete 1","LIMA NORTE 01","1063","COSTA","28","AFECTADO EN USO","20220520"
"27","EDER REYES","JULIO PRADO","333103","566430","	Secundaria","","LIMA","LIMA","LIMA","SAN MARTIN DE PORRES","150135","UGEL 02","2475458","","275639","8670660","20200102","23,374,802","19,856,347","-12.01759856","-77.06074735","CARTERA I","Paquete 1","LIMA NORTE 01","1063","COSTA","28","AFECTADO EN USO","20220520"
"27","EDER REYES","JULIO PRADO","333103","678540","","","LIMA","LIMA","LIMA","SAN MARTIN DE PORRES","150135","UGEL 02","2475458","","275639","8670660","20200102","23,374,802","19,856,347","-12.01759856","-77.06074735","CARTERA I","Paquete 1","LIMA NORTE 01","1063","COSTA","28","AFECTADO EN USO","20220520"
"27","EDER REYES","JULIO PRADO","333103","697417","","","LIMA","LIMA","LIMA","SAN MARTIN DE PORRES","150135","UGEL 02","2475458","","275639","8670660","20200102","23,374,802","19,856,347","-12.01759856","-77.06074735","CARTERA I","Paquete 1","LIMA NORTE 01","1063","COSTA","28","AFECTADO EN USO","20220520"
"28","MIGUEL ROMERO","FRANZ SALAZAR","304860","1646454","","","LIMA","LIMA","LIMA","EL AGUSTINO","150111","UGEL 05","2475493","","283273","8668485","20200102","22,614,842","15,649,835","-12.03776405","-76.99080413","CARTERA III","Paquete 0","PILOTO","766","COSTA","26","PROPIEDAD","20220520"
"28","MIGUEL ROMERO","FRANZ SALAZAR","304860","335117","Primaria","","LIMA","LIMA","LIMA","EL AGUSTINO","150111","UGEL 05","2475493","","283273","8668485","20200102","22,614,842","15,649,835","-12.03776405","-76.99080413","CARTERA III","Paquete 0","PILOTO","766","COSTA","26","PROPIEDAD","20220520"
"28","MIGUEL ROMERO","FRANZ SALAZAR","304860","578260","	Secundaria","","LIMA","LIMA","LIMA","EL AGUSTINO","150111","UGEL 05","2475493","","283273","8668485","20200102","22,614,842","15,649,835","-12.03776405","-76.99080413","CARTERA III","Paquete 0","PILOTO","766","COSTA","26","PROPIEDAD","20220520"
"29","OMAR QUEZADA","GINO ZEVALLOS","301437","542597","Primaria","IE 2100 JUAN VELAZCO ALVARADO","LIMA","LIMA","LIMA","COMAS","150110","UGEL 04","2475546","MEJORAMIENTO DEL SERVICIO EDUCATIVO DE NIVEL PRIMARIA DE LA IE 2100 JUAN VELAZCO ALVARADO, DISTRITO DE COMAS - PROVINCIA DE LIMA - DEPARTAMENTO DE LIMA","276192.73","8677641.98","20200103","24,138,167","20,122,095","-11.95453607","-77.05518595","CARTERA II","Paquete 1","LIMA NORTE 01","1064","COSTA","28","PROPIEDAD","20220520"
"30","MIGUEL ROMERO","FRANZ SALAZAR","313591","1542703","","","LIMA","LIMA","LIMA","LURIGANCHO","150118","UGEL 06 ","2475706","","291494.58","8674756.42","20200106","35,556,430","30,898,936","-11.98160956","-76.91491205","CARTERA III","Paquete 3","LIMA 03","2148","COSTA","44","AFECTADO EN USO","20220520"
"30","MIGUEL ROMERO","FRANZ SALAZAR","313591","1041276","Primaria","","LIMA","LIMA","LIMA","LURIGANCHO","150118","UGEL 06 ","2475706","","291494.58","8674756.42","20200106","35,556,430","30,898,936","-11.98160956","-76.91491205","CARTERA III","Paquete 3","LIMA 03","2148","COSTA","44","AFECTADO EN USO","20220520"
"30","MIGUEL ROMERO","FRANZ SALAZAR","313591","1041557","	Secundaria","","LIMA","LIMA","LIMA","LURIGANCHO","150118","UGEL 06 ","2475706","","291494.58","8674756.42","20200106","35,556,430","30,898,936","-11.98160956","-76.91491205","CARTERA III","Paquete 3","LIMA 03","2148","COSTA","44","AFECTADO EN USO","20220520"
"31","ERIKA IZQUIERDO","JULIO PRADO","311083","1481233","","","LIMA","LIMA","LIMA","LOS OLIVOS","150117","UGEL 02","2475674","","274487","8676529","20200105","31,509,066","17,325,297","-11.96447957","-77.07091881","CARTERA I","Paquete 3","LIMA 03","1861","COSTA","38","AFECTADO EN USO","20220520"
"31","ERIKA IZQUIERDO","JULIO PRADO","311083","598490","Primaria","","LIMA","LIMA","LIMA","LOS OLIVOS","150117","UGEL 02","2475674","","274487","8676529","20200105","31,509,066","17,325,297","-11.96447957","-77.07091881","CARTERA I","Paquete 3","LIMA 03","1861","COSTA","38","AFECTADO EN USO","20220520"
"31","ERIKA IZQUIERDO","JULIO PRADO","311083","744565","	Secundaria","","LIMA","LIMA","LIMA","LOS OLIVOS","150117","UGEL 02","2475674","","274487","8676529","20200105","31,509,066","17,325,297","-11.96447957","-77.07091881","CARTERA I","Paquete 3","LIMA 03","1861","COSTA","38","AFECTADO EN USO","20220520"
"32","OMAR CANDIOTTI","FRANZ SALAZAR","325202","1634021","","I.E. 1179 TOMAS ALVA EDISON","LIMA","LIMA","LIMA","SAN JUAN DE LURIGANCHO","150132","UGEL 05","2475599","MEJORAMIENTO DEL SERVICIO EDUCATIVO DEL NIVEL INICIAL, PRIMARIA Y SECUNDARIA DE LA I.E. 1179 TOMAS ALVA EDISON DISTRITO DE SAN JUAN DE LURIGANCHO - PROVINCIA DE LIMA -
DEPARTAMENTO DE LIMA","280908","8669355","20200103","35,004,218","24,717,519","-12.02974541","-77.01246063","CARTERA III","Paquete 2","LIMA 02","1170","COSTA","44","AFECTADO EN USO","20220520"
"32","OMAR CANDIOTTI","FRANZ SALAZAR","325202","339655","Primaria","I.E. 1179 TOMAS ALVA EDISON","LIMA","LIMA","LIMA","SAN JUAN DE LURIGANCHO","150132","UGEL 05","2475599","MEJORAMIENTO DEL SERVICIO EDUCATIVO DEL NIVEL INICIAL, PRIMARIA Y SECUNDARIA DE LA I.E. 1179 TOMAS ALVA EDISON DISTRITO DE SAN JUAN DE LURIGANCHO - PROVINCIA DE LIMA -
DEPARTAMENTO DE LIMA","280908","8669355","20200103","35,004,218","24,717,519","-12.02974541","-77.01246063","CARTERA III","Paquete 2","LIMA 02","1170","COSTA","44","AFECTADO EN USO","20220520"
"32","OMAR CANDIOTTI","FRANZ SALAZAR","325202","578443","	Secundaria","I.E. 1179 TOMAS ALVA EDISON","LIMA","LIMA","LIMA","SAN JUAN DE LURIGANCHO","150132","UGEL 05","2475599","MEJORAMIENTO DEL SERVICIO EDUCATIVO DEL NIVEL INICIAL, PRIMARIA Y SECUNDARIA DE LA I.E. 1179 TOMAS ALVA EDISON DISTRITO DE SAN JUAN DE LURIGANCHO - PROVINCIA DE LIMA -
DEPARTAMENTO DE LIMA","280908","8669355","20200103","35,004,218","24,717,519","-12.02974541","-77.01246063","CARTERA III","Paquete 2","LIMA 02","1170","COSTA","44","AFECTADO EN USO","20220520"
"33","OMAR QUEZADA","GINO ZEVALLOS","297077","1496991","","","LIMA","LIMA","LIMA","CARABAYLLO","150106","UGEL 04","2475484","","276959.07","8692635.75","20200102","36,370,151","29,488,067","-11.819079","-77.04713863","CARTERA II","Paquete 1","LIMA NORTE 01","1771","COSTA","35","AFECTADO EN USO","20220520"
"33","OMAR QUEZADA","GINO ZEVALLOS","297077","1195452","Primaria","","LIMA","LIMA","LIMA","CARABAYLLO","150106","UGEL 04","2475484","","276959.07","8692635.75","20200102","36,370,151","29,488,067","-11.819079","-77.04713863","CARTERA II","Paquete 1","LIMA NORTE 01","1771","COSTA","35","AFECTADO EN USO","20220520"
"33","OMAR QUEZADA","GINO ZEVALLOS","297077","1496355","	Secundaria","","LIMA","LIMA","LIMA","CARABAYLLO","150106","UGEL 04","2475484","","276959.07","8692635.75","20200102","36,370,151","29,488,067","-11.819079","-77.04713863","CARTERA II","Paquete 1","LIMA NORTE 01","1771","COSTA","35","AFECTADO EN USO","20220520"
"34","WILLIAMS SANCHEZ","FRANZ SALAZAR","325301","762914","	Secundaria","I.E. RAMIRO PRIALE PRIALE","LIMA","LIMA","LIMA","SAN JUAN DE LURIGANCHO","150132","UGEL 05","2475512","MEJORAMIENTO DEL SERVICIO EDUCATIVO DEL NIVEL SECUNDARIO DE LA I.E. RAMIRO PRIALE PRIALE DISTRITO DE SAN JUAN DE LURIGANCHO - PROVINCIA DE LIMA - DEPARTAMENTO DE LIMA","283554","8676023","20200102","27,511,310","16,283,251","-11.9696547","-76.98772443","CARTERA III","Paquete 2","LIMA 02","1010","COSTA","19","PROPIEDAD","20220520"
"35","WILLIAMS SANCHEZ","FRANZ SALAZAR","338855","1700343","","","LIMA","LIMA","LIMA","SANTA ANITA","150137","UGEL 06 ","2475656","","286575","8668321","20200105","24,005,116","13,197,360","-12.03946099","-76.960496","CARTERA III","Paquete 4","LIMA 04","1458","COSTA","26","PROPIEDAD","20220520"
"35","WILLIAMS SANCHEZ","FRANZ SALAZAR","338855","527374","Primaria","","LIMA","LIMA","LIMA","SANTA ANITA","150137","UGEL 06 ","2475656","","286575","8668321","20200105","24,005,116","13,197,360","-12.03946099","-76.960496","CARTERA III","Paquete 4","LIMA 04","1458","COSTA","26","PROPIEDAD","20220520"
"35","WILLIAMS SANCHEZ","FRANZ SALAZAR","338855","705160","	Secundaria","","LIMA","LIMA","LIMA","SANTA ANITA","150137","UGEL 06 ","2475656","","286575","8668321","20200105","24,005,116","13,197,360","-12.03946099","-76.960496","CARTERA III","Paquete 4","LIMA 04","1458","COSTA","26","PROPIEDAD","20220520"
"36","ERIKA IZQUIERDO","JULIO PRADO","305925","1261668","","I.E. 3049 IMPERIO DEL TAHUANTINSUYO","LIMA","LIMA","LIMA","INDEPENDENCIA","150112","UGEL 02","2475363","MEJORAMIENTO DEL SERVICIO EDUCATIVO DEL NIVEL INICIAL, PRIMARIA Y SECUNDARIA DE LA I.E. 3049 IMPERIO DEL TAHUANTINSUYO,  DEL DISTRITO DE INDEPENDENCIA - PROVINCIA DE LIMA - DEPARTAMENTO DE LIMA","276217","8674460","20191230","55,826,829","24,208,021","-11.98329502","-77.05518053","CARTERA I","Paquete 1","LIMA NORTE 01","2970","COSTA","62","AFECTADO EN USO","20220520"
"36","ERIKA IZQUIERDO","JULIO PRADO","305925","565234","	Secundaria","I.E. 3049 IMPERIO DEL TAHUANTINSUYO","LIMA","LIMA","LIMA","INDEPENDENCIA","150112","UGEL 02","2475363","MEJORAMIENTO DEL SERVICIO EDUCATIVO DEL NIVEL INICIAL, PRIMARIA Y SECUNDARIA DE LA I.E. 3049 IMPERIO DEL TAHUANTINSUYO,  DEL DISTRITO DE INDEPENDENCIA - PROVINCIA DE LIMA - DEPARTAMENTO DE LIMA","276217","8674460","20191230","55,826,829","24,208,021","-11.98329502","-77.05518053","CARTERA I","Paquete 1","LIMA NORTE 01","2970","COSTA","62","AFECTADO EN USO","20220520"
"36","ERIKA IZQUIERDO","JULIO PRADO","305925","434258","Primaria","I.E. 3049 IMPERIO DEL TAHUANTINSUYO","LIMA","LIMA","LIMA","INDEPENDENCIA","150112","UGEL 02","2475363","MEJORAMIENTO DEL SERVICIO EDUCATIVO DEL NIVEL INICIAL, PRIMARIA Y SECUNDARIA DE LA I.E. 3049 IMPERIO DEL TAHUANTINSUYO,  DEL DISTRITO DE INDEPENDENCIA - PROVINCIA DE LIMA - DEPARTAMENTO DE LIMA","276217","8674460","20191230","55,826,829","24,208,021","-11.98329502","-77.05518053","CARTERA I","Paquete 1","LIMA NORTE 01","2970","COSTA","62","AFECTADO EN USO","20220520"
"37","DENISSE HERRERA","GINO ZEVALLOS","319140","662866","Primaria","","LIMA","LIMA","LIMA","PUENTE PIEDRA","150125","UGEL 04","2475360","","270100","8690083","20191230","36,145,682","20,860,887","-11.84168825","-77.11024083","CARTERA II","Paquete 1","LIMA NORTE 01","1948","COSTA","38","AFECTADO EN USO","20220520"
"37","DENISSE HERRERA","GINO ZEVALLOS","319140","1054113","	Secundaria","","LIMA","LIMA","LIMA","PUENTE PIEDRA","150125","UGEL 04","2475360","","270100","8690083","20191230","36,145,682","20,860,887","-11.84168825","-77.11024083","CARTERA II","Paquete 1","LIMA NORTE 01","1948","COSTA","38","AFECTADO EN USO","20220520"
"38","OMAR CANDIOTTI","FRANZ SALAZAR","324504","518647","Primaria","","LIMA","LIMA","LIMA","SAN JUAN DE LURIGANCHO","150132","UGEL 05","2475306","","280709.39","8674016.72","20191230","21,765,847","15,601,386","-11.98760075","-77.01397101","CARTERA III","Paquete 2","LIMA 02","1455","COSTA","24","PROPIEDAD","20220520"
"38","OMAR CANDIOTTI","FRANZ SALAZAR","324504","900704","	Secundaria","","LIMA","LIMA","LIMA","SAN JUAN DE LURIGANCHO","150132","UGEL 05","2475306","","280709.39","8674016.72","20191230","21,765,847","15,601,386","-11.98760075","-77.01397101","CARTERA III","Paquete 2","LIMA 02","1455","COSTA","24","PROPIEDAD","20220520"
"39","WILLIAMS SANCHEZ","FRANZ SALAZAR","325264","643049","","I.E. FRANCISCO BOLOGNESI CERVANTES","LIMA","LIMA","LIMA","SAN JUAN DE LURIGANCHO","150132","UGEL 05","2475527","","281720.21","8676507.99","20200102","55,561,178","32,502,939","-11.96515165","-77.00452548","CARTERA III","Paquete 2","LIMA 02","3044","COSTA","68","AFECTADO EN USO","20220520"
"39","WILLIAMS SANCHEZ","FRANZ SALAZAR","325264","632208","","I.E. FRANCISCO BOLOGNESI CERVANTES","LIMA","LIMA","LIMA","SAN JUAN DE LURIGANCHO","150132","UGEL 05","2475527","","281720.21","8676507.99","20200102","55,561,178","32,502,939","-11.96515165","-77.00452548","CARTERA III","Paquete 2","LIMA 02","3044","COSTA","68","AFECTADO EN USO","20220520"
"39","WILLIAMS SANCHEZ","FRANZ SALAZAR","325264","642892","	Secundaria","I.E. FRANCISCO BOLOGNESI CERVANTES","LIMA","LIMA","LIMA","SAN JUAN DE LURIGANCHO","150132","UGEL 05","2475527","","281720.21","8676507.99","20200102","55,561,178","32,502,939","-11.96515165","-77.00452548","CARTERA III","Paquete 2","LIMA 02","3044","COSTA","68","AFECTADO EN USO","20220520"
"39","WILLIAMS SANCHEZ","FRANZ SALAZAR","325264","556241","Primaria","I.E. FRANCISCO BOLOGNESI CERVANTES","LIMA","LIMA","LIMA","SAN JUAN DE LURIGANCHO","150132","UGEL 05","2475527","","281720.21","8676507.99","20200102","55,561,178","32,502,939","-11.96515165","-77.00452548","CARTERA III","Paquete 2","LIMA 02","3044","COSTA","68","AFECTADO EN USO","20220520"
"39","WILLIAMS SANCHEZ","FRANZ SALAZAR","325264","1535566","","I.E. FRANCISCO BOLOGNESI CERVANTES","LIMA","LIMA","LIMA","SAN JUAN DE LURIGANCHO","150132","UGEL 05","2475527","","281720.21","8676507.99","20200102","55,561,178","32,502,939","-11.96515165","-77.00452548","CARTERA III","Paquete 2","LIMA 02","3044","COSTA","68","AFECTADO EN USO","20220520"
"40","CARLOS SOTO","FRANZ SALAZAR","324882","703124","Primaria","","LIMA","LIMA","LIMA","SAN JUAN DE LURIGANCHO","150132","UGEL 05","2480865","","285316","8679511","20200213","38,554,226","16,562,494","-11.93824421","-76.97132162","CARTERA III","Paquete 2","LIMA 02","2073","COSTA","44","AFECTADO EN USO","20220520"
"40","CARLOS SOTO","FRANZ SALAZAR","324882","778795","	Secundaria","","LIMA","LIMA","LIMA","SAN JUAN DE LURIGANCHO","150132","UGEL 05","2480865","","285316","8679511","20200213","38,554,226","16,562,494","-11.93824421","-76.97132162","CARTERA III","Paquete 2","LIMA 02","2073","COSTA","44","AFECTADO EN USO","20220520"
"40","CARLOS SOTO","FRANZ SALAZAR","324882","1223221","","","LIMA","LIMA","LIMA","SAN JUAN DE LURIGANCHO","150132","UGEL 05","2480865","","285316","8679511","20200213","38,554,226","16,562,494","-11.93824421","-76.97132162","CARTERA III","Paquete 2","LIMA 02","2073","COSTA","44","AFECTADO EN USO","20220520"
"41","CARLOS SOTO","FRANZ SALAZAR","292598","765123","Primaria","","LIMA","LIMA","LIMA","ATE","150103","UGEL 06 ","2481449","","302622.3","8670641.8","20200217","58,165,727","27,304,740","-12.01948041","-76.81300061","CARTERA III","Paquete 3","LIMA 03","1701","COSTA","50","AFECTADO EN USO","20220520"
"41","CARLOS SOTO","FRANZ SALAZAR","292598","1045632","	Secundaria","","LIMA","LIMA","LIMA","ATE","150103","UGEL 06 ","2481449","","302622.3","8670641.8","20200217","58,165,727","27,304,740","-12.01948041","-76.81300061","CARTERA III","Paquete 3","LIMA 03","1701","COSTA","50","AFECTADO EN USO","20220520"
"42","ERIKA IZQUIERDO","JULIO PRADO","305671","468330","","I.E. 09 J. WILLIAM FULBRIGHT","LIMA","LIMA","LIMA","INDEPENDENCIA","150112","UGEL 02","2481404","MEJORAMIENTO DEL SERVICIO EDUCATIVO DEL NIVEL INICIAL DE LA I.E. 09 J. WILLIAM FULBRIGHT Y DEL NIVEL PRIMARIA DE LA I.E. 3094-1 J. WILLIAM FULBRIGHT, DISTRITO DE INDEPENDENCIA -
PROVINCIA DE LIMA - DEPARTAMENTO DE LIMA","276795","8674607","20200217","37,269,136","19,886,952","-11.98200536","-77.04986464","CARTERA I","Paquete 1","LIMA NORTE 01","1629","COSTA","32","AFECTADO EN USO","20220520"
"42","ERIKA IZQUIERDO","JULIO PRADO","305671","780783","Primaria","I.E. 09 J. WILLIAM FULBRIGHT","LIMA","LIMA","LIMA","INDEPENDENCIA","150112","UGEL 02","2481404","MEJORAMIENTO DEL SERVICIO EDUCATIVO DEL NIVEL INICIAL DE LA I.E. 09 J. WILLIAM FULBRIGHT Y DEL NIVEL PRIMARIA DE LA I.E. 3094-1 J. WILLIAM FULBRIGHT, DISTRITO DE INDEPENDENCIA -
PROVINCIA DE LIMA - DEPARTAMENTO DE LIMA","276795","8674607","20200217","37,269,136","19,886,952","-11.98200536","-77.04986464","CARTERA I","Paquete 1","LIMA NORTE 01","1629","COSTA","32","AFECTADO EN USO","20220520"
"43","MIGUEL ROMERO","FRANZ SALAZAR","324684","607465","Primaria","","LIMA","LIMA","LIMA","SAN JUAN DE LURIGANCHO","150132","UGEL 05","2481775","","283386","8676390","20200218","25,319,618","12,814,320","-11.96632685","-76.98924234","CARTERA III","Paquete 2","LIMA 02","1632","COSTA","28","PROPIEDAD","20220520"
"43","MIGUEL ROMERO","FRANZ SALAZAR","324684","900795","	Secundaria","","LIMA","LIMA","LIMA","SAN JUAN DE LURIGANCHO","150132","UGEL 05","2481775","","283386","8676390","20200218","25,319,618","12,814,320","-11.96632685","-76.98924234","CARTERA III","Paquete 2","LIMA 02","1632","COSTA","28","PROPIEDAD","20220520"
"44","PEDRO COTRINA","JULIO PRADO","346695","329573","	Secundaria","","LIMA","LIMA","LIMA","VILLA MARIA DEL TRIUNFO","150143","UGEL 01","2482973","","290428","8650143","20200228","77,121,873","59,983,405","-12.20400323","-76.92629579","CARTERA I","Paquete 5","LIMA 05","2749","COSTA","63","AFECTADO EN USO","20220520"
"44","PEDRO COTRINA","JULIO PRADO","346695","497024","Primaria","","LIMA","LIMA","LIMA","VILLA MARIA DEL TRIUNFO","150143","UGEL 01","2482973","","290428","8650143","20200228","77,121,873","59,983,405","-12.20400323","-76.92629579","CARTERA I","Paquete 5","LIMA 05","2749","COSTA","63","AFECTADO EN USO","20220520"
"44","PEDRO COTRINA","JULIO PRADO","346695","1656065","","","LIMA","LIMA","LIMA","VILLA MARIA DEL TRIUNFO","150143","UGEL 01","2482973","","290428","8650143","20200228","77,121,873","59,983,405","-12.20400323","-76.92629579","CARTERA I","Paquete 5","LIMA 05","2749","COSTA","63","AFECTADO EN USO","20220520"
"45","JUAN LUJAN","GINO ZEVALLOS","340189","328559","Primaria","","LIMA","LIMA","LIMA","SANTIAGO DE SURCO","150140","UGEL 07","2482927","","284040.52","8655920.98","20200228","47,500,701","36,499,828","-12.15136623","-76.98459441","CARTERA II","Paquete 4","LIMA 04","2556","COSTA","54","PROPIEDAD","20220520"
"45","JUAN LUJAN","GINO ZEVALLOS","340189","469205","	Secundaria","","LIMA","LIMA","LIMA","SANTIAGO DE SURCO","150140","UGEL 07","2482927","","284040.52","8655920.98","20200228","47,500,701","36,499,828","-12.15136623","-76.98459441","CARTERA II","Paquete 4","LIMA 04","2556","COSTA","54","PROPIEDAD","20220520"
"46","WILLIAMS SANCHEZ","FRANZ SALAZAR","324962","777201","Primaria","","LIMA","LIMA","LIMA","SAN JUAN DE LURIGANCHO","150132","UGEL 05","2482573","","283466.07","8679850.31","20200228","51,794,157","24,668,081","-11.93505797","-76.98827903","CARTERA III","Paquete 2","LIMA 02","2423","COSTA","52","PROPIEDAD","20220520"
"47","MIGUEL ROMERO","FRANZ SALAZAR","324721","728337","	Secundaria","I.E. 145 INDEPENDENCIA AMERICANA","LIMA","LIMA","LIMA","SAN JUAN DE LURIGANCHO","150132","UGEL 05","2481555","MEJORAMIENTO DEL SERVICIO EDUCATIVO DEL NIVEL PRIMARIA Y SECUNDARIA DE LA I.E. 145 INDEPENDENCIA AMERICANA, DISTRITO DE SAN JUAN DE LURIGANCHO - PROVINCIA DE
LIMA - DEPARTAMENTO DE LIMA SAN JUAN DE LURIGANCHO DEL DISTRITO DE SAN JUAN DE LURIGANCHO - PROVINCIA DE LIMA - DEPARTAMENTO DE LIMA","281785.2","8678074.15","20200311","50,536,791","24,454,578","-11.95100121","-77.00382475","CARTERA III","Paquete 2","LIMA 02","2411","COSTA","42","AFECTADO EN USO","20220520"
"47","MIGUEL ROMERO","FRANZ SALAZAR","324721","632323","Primaria","I.E. 145 INDEPENDENCIA AMERICANA","LIMA","LIMA","LIMA","SAN JUAN DE LURIGANCHO","150132","UGEL 05","2481555","MEJORAMIENTO DEL SERVICIO EDUCATIVO DEL NIVEL PRIMARIA Y SECUNDARIA DE LA I.E. 145 INDEPENDENCIA AMERICANA, DISTRITO DE SAN JUAN DE LURIGANCHO - PROVINCIA DE
LIMA - DEPARTAMENTO DE LIMA SAN JUAN DE LURIGANCHO DEL DISTRITO DE SAN JUAN DE LURIGANCHO - PROVINCIA DE LIMA - DEPARTAMENTO DE LIMA","281785.2","8678074.15","20200311","50,536,791","24,454,578","-11.95100121","-77.00382475","CARTERA III","Paquete 2","LIMA 02","2411","COSTA","42","AFECTADO EN USO","20220520"
"48","CARLOS SOTO","FRANZ SALAZAR","292254","449868","	Secundaria","","LIMA","LIMA","LIMA","ATE","150103","UGEL 06 ","2485212","","291178","8669837","20200325","30,579,150","14,587,155","-12.02605282","-76.91813297","CARTERA III","Paquete 3","LIMA 03","1408","COSTA","27","AFECTADO EN USO","20220520"
"49","JUAN LUJAN","GINO ZEVALLOS","298816","494633","Primaria","I.E. 6094 SANTA ROSA","LIMA","LIMA","LIMA","CHORRILLOS","150108","UGEL 07","2485468","MEJORAMIENTO DEL SERVICIO EDUCATIVO DEL NIVEL PRIMARIA Y SECUNDARIA DE LA I.E. 6094 SANTA ROSA, EN EL DISTRITO DE CHORRILLOS - PROVINCIA DE LIMA - DEPARTAMENTO DE LIMA","281262.04","8651608.13","20200403","26,362,376","22,888,906","-12.19016003","-77.01040995","CARTERA II","Paquete 4","LIMA 04","2051","COSTA","35","AFECTADO EN USO","20220520"
"49","JUAN LUJAN","GINO ZEVALLOS","298816","522862","	Secundaria","I.E. 6094 SANTA ROSA","LIMA","LIMA","LIMA","CHORRILLOS","150108","UGEL 07","2485468","MEJORAMIENTO DEL SERVICIO EDUCATIVO DEL NIVEL PRIMARIA Y SECUNDARIA DE LA I.E. 6094 SANTA ROSA, EN EL DISTRITO DE CHORRILLOS - PROVINCIA DE LIMA - DEPARTAMENTO DE LIMA","281262.04","8651608.13","20200403","26,362,376","22,888,906","-12.19016003","-77.01040995","CARTERA II","Paquete 4","LIMA 04","2051","COSTA","35","AFECTADO EN USO","20220520"
"50","SHUGUEY GUIZADO","FRANZ SALAZAR","324900","846014","Primaria","","LIMA","LIMA","LIMA","SAN JUAN DE LURIGANCHO","150132","UGEL 05","2485449","","284307.71","8677754.23","20200403","54,147,525","46,801,898","-11.95405683","-76.98069175","CARTERA III","Paquete 2","LIMA 02","2434","COSTA","44","PROPIEDAD","20220520"
"50","SHUGUEY GUIZADO","FRANZ SALAZAR","324900","900977","	Secundaria","","LIMA","LIMA","LIMA","SAN JUAN DE LURIGANCHO","150132","UGEL 05","2485449","","284307.71","8677754.23","20200403","54,147,525","46,801,898","-11.95405683","-76.98069175","CARTERA III","Paquete 2","LIMA 02","2434","COSTA","44","PROPIEDAD","20220520"
"51","SHUGUEY GUIZADO","FRANZ SALAZAR","292268","317289","Primaria","","LIMA","LIMA","LIMA","ATE","150103","UGEL 06 ","2485617","","291236.3","8669959.4","20200408","14,368,589","10,764,406","-12.02495021","-76.91758983","CARTERA III","Paquete 3","LIMA 03","815","COSTA","15","AFECTADO EN USO","20220520"
"52","CARLOS SOTO","FRANZ SALAZAR","313732","582403","	Secundaria","","LIMA","LIMA","LIMA","LURIGANCHO","150118","UGEL 06 ","2485504","","316441.24","8681210","20200523","36,741,131","29,009,911","-11.92474409","-76.6855151","CARTERA III","Paquete 1","LIMA NORTE 01","2229","COSTA","38","PROPIEDAD","20220520"
"52","CARLOS SOTO","FRANZ SALAZAR","313732","319087","Primaria","","LIMA","LIMA","LIMA","LURIGANCHO","150118","UGEL 06 ","2485504","","316441.24","8681210","20200523","36,741,131","29,009,911","-11.92474409","-76.6855151","CARTERA III","Paquete 1","LIMA NORTE 01","2229","COSTA","38","PROPIEDAD","20220520"
"53","JUAN LUJAN","GINO ZEVALLOS","340231","689836","Primaria","","LIMA","LIMA","LIMA","SANTIAGO DE SURCO","150140","UGEL 07","2485549","","283951.48","8655227.12","20200528","47,448,643","31,713,951","-12.15763139","-76.98545881","CARTERA II","Paquete 4","LIMA 04","2313","COSTA","42","AFECTADO EN USO","20220520"
"53","JUAN LUJAN","GINO ZEVALLOS","340231","779041","	Secundaria","","LIMA","LIMA","LIMA","SANTIAGO DE SURCO","150140","UGEL 07","2485549","","283951.48","8655227.12","20200528","47,448,643","31,713,951","-12.15763139","-76.98545881","CARTERA II","Paquete 4","LIMA 04","2313","COSTA","42","AFECTADO EN USO","20220520"
"53","JUAN LUJAN","GINO ZEVALLOS","340231","1713791","","","LIMA","LIMA","LIMA","SANTIAGO DE SURCO","150140","UGEL 07","2485549","","283951.48","8655227.12","20200528","47,448,643","31,713,951","-12.15763139","-76.98545881","CARTERA II","Paquete 4","LIMA 04","2313","COSTA","42","AFECTADO EN USO","20220520"
"54","ALBERTO BONILLA","GINO ZEVALLOS","308783","318709","Primaria","","LIMA","LIMA","LIMA","LA VICTORIA","150115","UGEL 03","2487949","","281552.44","8665903.36","20200528","27,856,757","25,638,119","-12.06098316","-77.00677543","CARTERA II","Paquete 4","LIMA 04","745","COSTA","25","AFECTADO EN USO","20220520"
"54","ALBERTO BONILLA","GINO ZEVALLOS","308783","1227388","	Secundaria","","LIMA","LIMA","LIMA","LA VICTORIA","150115","UGEL 03","2487949","","281552.44","8665903.36","20200528","27,856,757","25,638,119","-12.06098316","-77.00677543","CARTERA II","Paquete 4","LIMA 04","745","COSTA","25","AFECTADO EN USO","20220520"
"55","ALBERTO BONILLA","GINO ZEVALLOS","287988","763680","","","LIMA","LIMA","LIMA","LIMA","150101","UGEL 03","2488279","","276708","8668159","20200528","33,232,914","30,743,375","-12.04027365","-77.05110442","CARTERA II","Paquete 4","LIMA 04","794","COSTA","28","PROPIEDAD","20220520"
"55","ALBERTO BONILLA","GINO ZEVALLOS","287988","339390","Primaria","","LIMA","LIMA","LIMA","LIMA","150101","UGEL 03","2488279","","276708","8668159","20200528","33,232,914","30,743,375","-12.04027365","-77.05110442","CARTERA II","Paquete 4","LIMA 04","794","COSTA","28","PROPIEDAD","20220520"
"55","ALBERTO BONILLA","GINO ZEVALLOS","287988","336602","	Secundaria","","LIMA","LIMA","LIMA","LIMA","150101","UGEL 03","2488279","","276708","8668159","20200528","33,232,914","30,743,375","-12.04027365","-77.05110442","CARTERA II","Paquete 4","LIMA 04","794","COSTA","28","PROPIEDAD","20220520"
"56","OMAR CANDIOTTI","FRANZ SALAZAR","324523","556548","Primaria","","LIMA","LIMA","LIMA","SAN JUAN DE LURIGANCHO","150132","UGEL 05","2487501","","282300","8672862","20200528","29,307,580","26,690,072","-11.99814156","-76.99944594","CARTERA III","Paquete 2","LIMA 02","2061","COSTA","35","PROPIEDAD","20220520"
"56","OMAR CANDIOTTI","FRANZ SALAZAR","324523","607556","	Secundaria","","LIMA","LIMA","LIMA","SAN JUAN DE LURIGANCHO","150132","UGEL 05","2487501","","282300","8672862","20200528","29,307,580","26,690,072","-11.99814156","-76.99944594","CARTERA III","Paquete 2","LIMA 02","2061","COSTA","35","PROPIEDAD","20220520"
"57","JUAN CARLOS FAJARDO","GINO ZEVALLOS","301913","523621","	Secundaria","I.E. SAN FELIPE","LIMA","LIMA","LIMA","COMAS","150110","UGEL 04","2488285","MEJORAMIENTO DEL SERVICIO EDUCATIVO DEL NIVEL SECUNDARIA DE LA I.E. SAN FELIPE EN EL DISTRITO DE COMAS - PROVINCIA DE LIMA - DEPARTAMENTO DE LIMA","277693.51","8683762.45","20200528","26,469,152","22,813,269","-11.89932182","-77.04099691","CARTERA II","Paquete 0","PILOTO","1584","COSTA","30","AFECTADO EN USO","20220520"
"58","PEDRO COTRINA","JULIO PRADO","348388","496877","Primaria","","LIMA","LIMA","LIMA","VILLA MARIA DEL TRIUNFO","150143","UGEL 01","2489032","","288343","8656165","20200607","40,050,976","20,693,605","-12.14944158","-76.94505618","CARTERA I","Paquete 5","LIMA 05","1440","COSTA","27","AFECTADO EN USO","20220520"
"58","PEDRO COTRINA","JULIO PRADO","348388","583021","	Secundaria","","LIMA","LIMA","LIMA","VILLA MARIA DEL TRIUNFO","150143","UGEL 01","2489032","","288343","8656165","20200607","40,050,976","20,693,605","-12.14944158","-76.94505618","CARTERA I","Paquete 5","LIMA 05","1440","COSTA","27","AFECTADO EN USO","20220520"
"59","PEDRO COTRINA","JULIO PRADO","348411","493338","Primaria","I.E. FE Y ALEGRIA 24","LIMA","LIMA","LIMA","VILLA MARIA DEL TRIUNFO","150143","UGEL 01","2489000","MEJORAMIENTO DEL SERVICIO EDUCATIVO DEL NIVEL PRIMARIA Y SECUNDARIA DE LA IE FE Y ALEGRIA 24, DISTRITO DE VILLA MARIA DEL TRIUNFO - PROVINCIA DE LIMA - DEPARTAMENTO DE LIMA","288214","8657313","20200608","37,658,549","34,107,612","-12.13905756","-76.94616578","CARTERA I","Paquete 5","LIMA 05","1458","COSTA","27","AFECTADO EN USO","20220520"
"59","PEDRO COTRINA","JULIO PRADO","348411","582932","	Secundaria","I.E. FE Y ALEGRIA 24","LIMA","LIMA","LIMA","VILLA MARIA DEL TRIUNFO","150143","UGEL 01","2489000","MEJORAMIENTO DEL SERVICIO EDUCATIVO DEL NIVEL PRIMARIA Y SECUNDARIA DE LA IE FE Y ALEGRIA 24, DISTRITO DE VILLA MARIA DEL TRIUNFO - PROVINCIA DE LIMA - DEPARTAMENTO DE LIMA","288214","8657313","20200608","37,658,549","34,107,612","-12.13905756","-76.94616578","CARTERA I","Paquete 5","LIMA 05","1458","COSTA","27","AFECTADO EN USO","20220520"
"60","DENISSE HERRERA","GINO ZEVALLOS","448972","387894","Primaria","I.E.73002 GLORIOSO 821","PUNO","PUNO","CARABAYA","MACUSANI","210301","UGEL CARABAYA","2480537","","345550","8443950","20200207","24,406,491","21,837,281","-14.07102342","-70.43052322","CARTERA II","Paquete 8","EMBLEMATICO  SUR","893","HELADAS","31","PROPIEDAD","20220520"
"61","DENISSE HERRERA","GINO ZEVALLOS","445723","478008","	Secundaria","I.E. PEDRO VILCAPAZA","PUNO","PUNO","","","210201","UGEL AZANGARO","2480603","","370995","8350948","20200207","38,816,561","31,952,505","-14.91300934","-70.19940307","CARTERA II","Paquete 8","EMBLEMATICO  SUR","1124","HELADAS","29","AFECTADO EN USO","20220520"
"62","DENISSE HERRERA","GINO ZEVALLOS","455444","478073","	Secundaria","I.E. VARONES","PUNO","PUNO","HUANCANE","HUANCANE","210601","","2480681","","418152.1","8319585","20200207","32,082,678","30,256,904","-15.19841997","-69.76201065","CARTERA II","Paquete 8","EMBLEMATICO  SUR","684","HELADAS","23","AFECTADO EN USO","20220520"
"63","JUAN PAZ","JULIO PRADO","131789","390765","	Secundaria","I.E. SAN MARCOS","CAJAMARCA","CAJAMARCA","SAN MARCOS","PEDRO GALVEZ","61001","UGEL SAN MARCOS","2482024","MEJORAMIENTO DEL SERVICIO EDUCATIVO DEL NIVEL SECUNDARIA DE LA IE SAN MARCOS DEL DISTRITO DE PEDRO GALVEZ - PROVINCIA DE SAN MARCOS - DEPARTAMENTO DE CAJAMARCA","812827","9188160","20200227","33,218,384","29,302,718","-7.33562986","-78.16678288","CARTERA I","Paquete 7","EMBLEMATICO  NORTE","1160","SIERRA","26","PROPIEDAD","20220520"
"64","JUAN LUJAN","GINO ZEVALLOS","281745","452912","	Secundaria","I.E. SANTA LUCIA","LAMBAYEQUE","LAMBAYEQUE","","","140201","","2483179","","633812.44","9265229.34","20200304","61,594,189","47,420,788","-6.645921889","-79.78946858","CARTERA II","Paquete 7","EMBLEMATICO  NORTE","1905","COSTA","48","PROPIEDAD","20220520"
"65","ORLANDO MALAVER","JULIO PRADO","349496","248583","Primaria","","LIMA","LIMA","BARRANCA","PARAMONGA","150201","UGEL 16 BARRANCA","2483701","","191602","8818545","20200311","30,516,474","28,823,578","-10.67504021","-77.81891347","CARTERA I","Paquete 7","EMBLEMATICO  NORTE","809","COSTA","33","PROPIEDAD","20220520"
"66","JUAN PAZ","JULIO PRADO","142561","209908","	Secundaria","I.E. GENERAL PRADO","CALLAO","CALLAO","CALLAO","BELLAVISTA","70101","DRE CALLAO","2489056","","269311","8665528","20200608","57,464,581","21,769,146","-12.06354266","-77.11920605","CARTERA I","Paquete 1","LIMA NORTE 01","1712","COSTA","49","AFECTADO EN USO","20220520"
"66","JUAN PAZ","JULIO PRADO","142561","824003","Primaria","I.E. GENERAL PRADO","CALLAO","CALLAO","CALLAO","BELLAVISTA","70101","DRE CALLAO","2489056","","269311","8665528","20200608","57,464,581","21,769,146","-12.06354266","-77.11920605","CARTERA I","Paquete 1","LIMA NORTE 01","1712","COSTA","49","AFECTADO EN USO","20220520"
"67","JUAN CARLOS FAJARDO","GINO ZEVALLOS","	238318","372664","	Secundaria","I.E. SEIS DE AGOSTO","JUNIN","JUNIN","JUNIN","JUNIN","120501","UGEL JUNIN","2482810","","391709","8765837","20200606","63,099,629","46,525,874","-11.16281032","-75.99177999","CARTERA II","Paquete 6","EMBLEMATICO CENTRO","973","SIERRA","30","AFECTADO EN USO","20220520"
"67","JUAN CARLOS FAJARDO","GINO ZEVALLOS","	238219","377275","Primaria","I.E. SEIS DE AGOSTO","JUNIN","JUNIN","JUNIN","JUNIN","120501","UGEL JUNIN","2482810","","391709","8765837","20200606","63,099,629","46,525,874","-11.16281032","-75.99177999","CARTERA II","Paquete 6","EMBLEMATICO CENTRO","973","SIERRA","30","AFECTADO EN USO","20220520"
"67","JUAN CARLOS FAJARDO","GINO ZEVALLOS","	238219","1413657","","I.E. SEIS DE AGOSTO","JUNIN","JUNIN","JUNIN","JUNIN","120501","UGEL JUNIN","2482810","","391709","8765837","20200606","63,099,629","46,525,874","-11.16281032","-75.99177999","CARTERA II","Paquete 6","EMBLEMATICO CENTRO","973","SIERRA","30","AFECTADO EN USO","20220520"
"68","JUAN CARLOS FAJARDO","GINO ZEVALLOS","	227579","372607","	Secundaria","I.E. 9 DE JULIO","JUNIN","JUNIN","CONCEPCION","CONCEPCION","120201","UGEL CONCEPCION","2488994","","465177","8682916","20200606","48,095,937","43,297,076","-11.91418078","-75.31978827","CARTERA II","Paquete 6","EMBLEMATICO CENTRO","942","SIERRA","30","AFECTADO EN USO","20220520"
"68","JUAN CARLOS FAJARDO","GINO ZEVALLOS","399165","1036177","Primaria","I.E. 9 DE JULIO","JUNIN","JUNIN","CONCEPCION","CONCEPCION","120201","UGEL CONCEPCION","2488994","","465177","8682916","20200606","48,095,937","43,297,076","-11.91418078","-75.31978827","CARTERA II","Paquete 6","EMBLEMATICO CENTRO","942","SIERRA","30","AFECTADO EN USO","20220520"
"68","JUAN CARLOS FAJARDO","GINO ZEVALLOS","399165","1342385","","I.E. 9 DE JULIO","JUNIN","JUNIN","CONCEPCION","CONCEPCION","120201","UGEL CONCEPCION","2488994","","465177","8682916","20200606","48,095,937","43,297,076","-11.91418078","-75.31978827","CARTERA II","Paquete 6","EMBLEMATICO CENTRO","942","SIERRA","30","AFECTADO EN USO","20220520"
"69","JUAN CARLOS FAJARDO","GINO ZEVALLOS","248548","581124","	Secundaria","I.E. 19 DE ABRIL","JUNIN","JUNIN","CHUPACA","CHUPACA","120901","UGEL CHUPACA","2489023","","469772.9","8666172.7","20200609","46,589,137","42,438,208","-12.06563997","-75.27773819","CARTERA II","Paquete 6","EMBLEMATICO CENTRO","1222","SIERRA","44","AFECTADO EN USO","20220520"
"69","JUAN CARLOS FAJARDO","GINO ZEVALLOS","248402","372904","Primaria","I.E. 19 DE ABRIL","JUNIN","JUNIN","CHUPACA","CHUPACA","120901","UGEL CHUPACA","2489023","","469772.9","8666172.7","20200609","46,589,137","42,438,208","-12.06563997","-75.27773819","CARTERA II","Paquete 6","EMBLEMATICO CENTRO","1222","SIERRA","44","AFECTADO EN USO","20220520"
"70","EDER REYES","JULIO PRADO","502884","238717","	Secundaria","I.E. FERNANDO CARBAJAL","UCAYALI","UCAYALI","PADRE ABAD","PADRE ABAD","250301","UGEL PADRE ABAD","2489076","MEJORAMIENTO DEL SERVICIO EDUCATIVO DEL NIVEL SECUNDARIA DE LA I.E. FERNANDO CARBAJAL, EN EL DISTRITO DE PADRE ABAD - PROVINCIA DE PADRE ABAD - DEPARTAMENTO DE UCAYALI","444060","9001183","20200608","53,591,238","21,466,769","-9.03550923","-75.50898674","CARTERA I","Paquete 6","EMBLEMATICO CENTRO","1163","SELVA","34","AFECTADO EN USO","20220520"
"71","JUAN PAZ","JULIO PRADO","256133","395475","	Secundaria","","LA LIBERTAD","LA LIBERTAD","ASCOPE","CHICAMA","130202","UGEL ASCOPE","2488856","","704409","9132316","20200606","38,117,505","34,287,991","-7.845633565","-79.14609962","CARTERA I","Paquete 7","EMBLEMATICO  NORTE","1035","COSTA","21","PROPIEDAD","20220520"
"71","JUAN PAZ","JULIO PRADO","256133","267914","Primaria","","LA LIBERTAD","LA LIBERTAD","ASCOPE","CHICAMA","130202","UGEL ASCOPE","2488856","","704409","9132316","20200606","38,117,505","34,287,991","-7.845633565","-79.14609962","CARTERA I","Paquete 7","EMBLEMATICO  NORTE","1035","COSTA","21","PROPIEDAD","20220520"
"72","EDER REYES","JULIO PRADO","150645","236422","	Secundaria","","CUSCO","CUSCO","ANTA","ANTA","80301","UGEL ANTA","2485232","","809205","8509392","20200609","61,925,059","31,666,722","-13.46728857","-72.14426583","CARTERA I","Paquete 8","EMBLEMATICO  SUR","1512","SIERRA","35","PROPIEDAD","20220520"
"72","EDER REYES","JULIO PRADO","150645","1787621","Primaria","","CUSCO","CUSCO","ANTA","ANTA","80301","UGEL ANTA","2485232","","809205","8509392","20200609","61,925,059","31,666,722","-13.46728857","-72.14426583","CARTERA I","Paquete 8","EMBLEMATICO  SUR","1512","SIERRA","35","PROPIEDAD","20220520"
"73","OMAR QUEZADA","GINO ZEVALLOS","	451040","240200","	Secundaria","I.E. TELESFORO CATACORA JULI","PUNO","PUNO","CHUCUITO","JULI","210401","UGEL CHUCUITO","2488993","","450900","8207725","20200606","35,549,339","33,110,326","-16.21050104","-69.45939453","CARTERA II","Paquete 8","EMBLEMATICO  SUR","805","HELADAS","23","PROPIEDAD","20220520"
"74","OMAR QUEZADA","GINO ZEVALLOS","467970","240192","	Secundaria","","PUNO","PUNO","YUNGUYO","YUNGUYO","211301","UGEL YUNGUYO","2489002","","489633","8203400","20200607","60,522,729","56,427,883","-16.25007456","-69.09701703","CARTERA II","Paquete 8","EMBLEMATICO  SUR","1014","HELADAS","37","PROPIEDAD Y AFECTADO EN USO","20220520"
"74","OMAR QUEZADA","GINO ZEVALLOS","467970","1029750","","","PUNO","PUNO","YUNGUYO","YUNGUYO","211301","UGEL YUNGUYO","2489002","","489633","8203400","20200607","60,522,729","56,427,883","-16.25007456","-69.09701703","CARTERA II","Paquete 8","EMBLEMATICO  SUR","1014","HELADAS","37","PROPIEDAD Y AFECTADO EN USO","20220520"
"75","OMAR QUEZADA","GINO ZEVALLOS","451337","240333","	Secundaria","I.E. TAWANTINSUYO","PUNO","PUNO","CHUCUITO","DESAGUADERO","210402","UGEL CHUCUITO","2489010","MEJORAMIENTO DE LOS SERVICIOS EDUCATIVOS NIVEL INICIAL Y SECUNDARIA DE LA INSTITUCION EDUCATIVA TAWANTINSUYO UBICADO EN EL DISTRITO DE DESAGUADERO - PROVINCIA DE
CHUCUITO - DEPARTAMENTO DE PUNO","495415","8168965","20200607","39,097,099","29,358,824","-16.56138705","-69.04297589","CARTERA II","Paquete 8","EMBLEMATICO  SUR","993","HELADAS","28","AFECTADO EN USO","20220520"
